{
  "funding": [
    {
      "id": "dut",
      "title": "DUT Driving Urban Transitions",
      "description": "Financiamento de projetos transnacionais de investigação e/ou inovação que abordem desafios urbanos.",
      "url": "https://dutpartnership.eu/dut-call-2025/",
      "features": [
        {
          "feature": "Economias Urbanas Circulares",
          "featureURL": "https://dutpartnership.eu/dut-call-2025/circular-urban-economies/"
        },
        {
          "feature": "Mobilidade urbana",
          "featureURL": "https://dutpartnership.eu/dut-call-2025/mobility/"
        },
        {
          "feature": "Distritos de Energia Positiva",
          "featureURL": "https://dutpartnership.eu/dut-call-2025/positive-energy-districts/"
        }
      ],
      "imageUrl": {
        "webp": "/images/financiamento/dut.webp",
        "fallback": "/images/financiamento/dut.jpeg",
        "thumbnail": {
          "width": 400,
          "height": 300
        }
      }
    },
    {
      "id": "life",
      "title": "Programa LIFE",
      "description": "Projetos de ação ambiental e climática",
      "url": "https://cinea.ec.europa.eu/programmes/life_en",
      "features": [
        {
          "feature": "Economia Circular e Qualidade de Vida",
          "featureURL": "https://cinea.ec.europa.eu/programmes/life/circular-economy-and-quality-life_en"
        },
        {
          "feature": "Mitigação e Adaptação às Alterações Climáticas",
          "featureURL": "https://cinea.ec.europa.eu/programmes/life/climate-change-mitigation-and-adaptation_en"
        }
      ],
      "imageUrl": {
        "webp": "/images/financiamento/life.webp",
        "fallback": "/images/financiamento/life.jpeg",
        "thumbnail": {
          "width": 400,
          "height": 300
        }
      }
    },
    {
      "id": "erdf",
      "title": "Fundo Europeu de Desenvolvimento Regional (FEDER)",
      "description": "Desenvolvimento urbano sustentável, economia de baixo carbono",
      "url": "https://ec.europa.eu/regional_policy/funding/erdf_en",
      "features": [
        {
          "feature": "Programas operacionais nacionais/regionais",
          "featureURL": "https://ec.europa.eu/regional_policy/funding/erdf/erdf-operational-programmes_en"
        }
      ],
      "imageUrl": {
        "webp": "/images/financiamento/feder.webp",
        "fallback": "/images/financiamento/feder.jpeg",
        "thumbnail": {
          "width": 400,
          "height": 300
        }
      }
    },
    {
      "id": "uia",
      "title": "Ações Urbanas Inovadoras (UIA)/Iniciativa Urbana Europeia",
      "description": "Teste de soluções inovadoras para desafios urbanos",
      "url": "https://uia-initiative.eu/en/bridging-gap-exploring-innovative-financing-schemes-european-cities",
      "features": [
        {
          "feature": "Financiamento direto para autoridades urbanas",
          "featureURL": "https://uia-initiative.eu/en/about-us/what-urban-innovative-actions"
        }
      ],
      "imageUrl": {
        "webp": "/images/financiamento/uia.webp",
        "fallback": "/images/financiamento/uia.jpeg",
        "thumbnail": {
          "width": 400,
          "height": 300
        }
      }
    },
    {
      "id": "new-european-bauhaus",
      "title": "Nova Bauhaus Europeia",
      "description": "Conectando sustentabilidade, estética e inclusão na transformação urbana",
      "url": "https://new-european-bauhaus.europa.eu/funding/currently-open-and-forthcoming-calls_en",
      "features": [
        {
          "feature": "Convites ao financiamento em vários programas da UE",
          "featureURL": "https://new-european-bauhaus.europa.eu/get-involved/funding-opportunities_en"
        }
      ],
      "imageUrl": {
        "webp": "/images/financiamento/bauhaus.webp",
        "fallback": "/images/financiamento/bauhaus.jpeg",
        "thumbnail": {
          "width": 400,
          "height": 300
        }
      }
    },
    {
      "id": "interreg",
      "title": "INTERREG (Cooperação Territorial Europeia)",
      "description": "Planeamento territorial e desenvolvimento urbano transfronteiriço",
      "url": "https://interreg.eu/calls-for-projects/",
      "features": [
        {
          "feature": "Transfronteiriço (INTERREG A)",
          "featureURL": "https://interreg.eu/strand-of-cooperation/interreg-a-cross-border-cooperation/"
        },
        {
          "feature": "Transnacional (INTERREG B)",
          "featureURL": "https://interreg.eu/strand-of-cooperation/interreg-b-transnational-cooperation/"
        },
        {
          "feature": "Inter-regional (INTERREG C)",
          "featureURL": "https://interreg.eu/strand-of-cooperation/interreg-c-interregional-cooperation/"
        }
      ],
      "imageUrl": {
        "webp": "/images/financiamento/interreg.webp",
        "fallback": "/images/financiamento/interreg.jpeg",
        "thumbnail": {
          "width": 400,
          "height": 300
        }
      }
    },
    {
      "id": "investeu",
      "title": "InvestEU",
      "description": "Infraestrutura urbana, renovações de eficiência energética",
      "url": "https://investeu.europa.eu/",
      "features": [
        {
          "feature": "Infraestrutura Sustentável",
          "featureURL": "https://investeu.europa.eu/about-investeu/investment-areas_en"
        }
      ],
      "imageUrl": {
        "webp": "/images/financiamento/investeu.webp",
        "fallback": "/images/financiamento/investeu.jpeg",
        "thumbnail": {
          "width": 400,
          "height": 300
        }
      }
    },
    {
      "id": "jtf",
      "title": "Fundo para uma Transição Justa",
      "description": "Apoio às regiões mais afetadas pela transição para a neutralidade climática",
      "url": "https://ec.europa.eu/regional_policy/funding/just-transition-fund_en",
      "features": [
        {
          "feature": "Reabilitação urbana em regiões pós-industriais",
          "featureURL": "https://ec.europa.eu/regional_policy/funding/just-transition-fund/just-transition-platform_en"
        }
      ],
      "imageUrl": {
        "webp": "/images/financiamento/jtf.webp",
        "fallback": "/images/financiamento/jtf.jpeg",
        "thumbnail": {
          "width": 400,
          "height": 300
        }
      }
    },
    {
      "id": "rrf",
      "title": "Mecanismo de Recuperação e Resiliência",
      "description": "Apoio à recuperação económica e à resiliência através de reformas e investimentos",
      "url": "https://ec.europa.eu/economy_finance/recovery-and-resilience-scoreboard/",
      "features": [
        {
          "feature": "Transição verde, transformação digital",
          "featureURL": "https://ec.europa.eu/economy_finance/recovery-and-resilience-scoreboard/thematic_analysis.html"
        },
        {
          "feature": "Planos nacionais de recuperação e resiliência",
          "featureURL": "https://ec.europa.eu/economy_finance/recovery-and-resilience-scoreboard/national_recovery_and_resilience_plans.html"
        }
      ],
      "imageUrl": {
        "webp": "/images/financiamento/rrf.webp",
        "fallback": "/images/financiamento/rrf.jpeg",
        "thumbnail": {
          "width": 400,
          "height": 300
        }
      }
    }
  ]
}