{
  "municipio": [
    {
      "id": "reabilitacao-urbana",
      "title": "Reabilitação Urbana",
      "description": "Palmela incentiva a reabilitação urbana para revitalizar centros urbanos e áreas degradadas, visando renovar e reabitar espaços com maior concentração populacional. O Município oferece medidas de apoio que, em articulação com atores locais, promovem a recuperação do edificado, estimulando a fixação populacional em diversas ocupações.",
      "url": "https://www.cm-palmela.pt/viver/reabilitacao-urbana",
      "features": [
        {
          "feature": "Reabilitação do Centro Histórico de Palmela",
          "featureURL": "https://www.cm-palmela.pt/viver/reabilitacao-urbana/aru-centro-historico-de-palmela"
        },
        {
          "feature": "Reabilitação Urbana do Pinhal Novo",
          "featureURL": "https://www.cm-palmela.pt/viver/reabilitacao-urbana/aru-pinhal-novo"
        },
        {
          "feature": "Incentivos à reabilitação urbana",
          "featureURL": "https://www.cm-palmela.pt/viver/reabilitacao-urbana/programa-de-incentivo-a-reabilitacao-urbana"
        }
      ],
      "imageUrl": {
        "webp": "/images/municipio/reabilitacao-urbana.webp",
        "fallback": "/images/municipio/reabilitacao-urbana.jpeg",
        "thumbnail": {
          "width": 400,
          "height": 300
        }
      }
    },
    {
      "id": "planos-municipais",
      "title": "Planos Municipais de Ordenamento do Território",
      "description": "Acesso público a documentos e legislação territorial, incluindo o Plano Diretor Municipal, Planos de Urbanização e Pormenor, e Medidas Preventivas. Esta transparência clarifica as regras de utilização do território. A partilha digital desta informação visa aproximar cidadãos e administração pública.",
      "url": "https://www.cm-palmela.pt/viver/planeamento-e-gestao-urbanistica/planos-municipais-de-ordenamento-do-territorio",
      "features": [
        {
          "feature": "Plano Diretor Municipal",
          "featureURL": "https://www.cm-palmela.pt/viver/planeamento-e-gestao-urbanistica/planos-municipais-de-ordenamento-do-territorio/plano-diretor-municipal"
        },
        {
          "feature": "Estudos de ordenamento do território",
          "featureURL": "https://www.cm-palmela.pt/viver/planeamento-e-gestao-urbanistica/planos-municipais-de-ordenamento-do-territorio/estudos"
        }
      ],
      "imageUrl": {
        "webp": "/images/municipio/planos-municipais.webp",
        "fallback": "/images/municipio/planos-municipais.jpeg",
        "thumbnail": {
          "width": 400,
          "height": 300
        }
      }
    },
    {
      "id": "habitacao",
      "title": "Habitação",
      "description": "A Constituição estabelece o direito à habitação para todos, cabendo ao Estado e autarquias implementar políticas adequadas. A Câmara de Palmela, reconhecendo o acesso à habitação como fundamental para integração social, dispõe de 32 fogos municipais sujeitos à Lei nº 81/2014, que define regras de atribuição e regime de arrendamento apoiado, complementados com acompanhamento social.",
      "url": "https://www.cm-palmela.pt/viver/habitacao",
      "features": [
        {
          "feature": "Estratégia local de habitação",
          "featureURL": "https://www.cm-palmela.pt/viver/habitacao/estrategia-local-de-habitacao-elh"
        },
        {
          "feature": "Habitação Municipal",
          "featureURL": "https://www.cm-palmela.pt/viver/habitacao/habitacao-municipal-arrendamento-apoiado"
        }
      ],
      "imageUrl": {
        "webp": "/images/municipio/habitacao.webp",
        "fallback": "/images/municipio/habitacao.jpeg",
        "thumbnail": {
          "width": 400,
          "height": 300
        }
      }
    },
    {
      "id": "centro-historico",
      "title": "Centro Histórico",
      "description": "Património, habitação, comércio, serviços, movimento associativo juvenil, cultural e desportivo, tradição, produtos locais, espaços de conhecimento, oportunidades de negócio, propostas de lazer, refúgios de tranquilidade.",
      "url": "https://www.cm-palmela.pt/viver/centro-historico",
      "features": [
        {
          "feature": "Portal do Centro Histórico de Palmela",
          "featureURL": "http://centrohistorico.cm-palmela.pt/"
        }
      ],
      "imageUrl": {
        "webp": "/images/municipio/centro-historico.webp",
        "fallback": "/images/municipio/centro-historico.jpeg",
        "thumbnail": {
          "width": 400,
          "height": 300
        }
      }
    }
  ]
}