{
  "projects": [
    {
      "id": "cordis",
      "title": "CORDIS",
      "description": "Repositório de projetos de investigação financiados pela União Europeia.",
      "url": "https://cordis.europa.eu/",
      "features": [
        {
          "feature": "Pesquisa avançada de projetos",
          "featureURL": "https://cordis.europa.eu/search"
        },
        {
          "feature": "Resultados dos projetos",
          "featureURL": "https://cordis.europa.eu/projects/en"
        },
        {
          "feature": "Contactos dos coordenadores",
          "featureURL": "https://cordis.europa.eu/partners"
        }
      ],
      "imageUrl": {
        "webp": "/images/projetos/cordis.webp",
        "fallback": "/images/projetos/cordis.jpeg",
        "thumbnail": {
          "width": 400,
          "height": 300
        }
      }
    },
    {
      "id": "urbact",
      "title": "URBACT Knowledge Hub",
      "description": "Platform specifically focused on urban development projects, providing comprehensive resources and best practices for sustainable urban development",
      "url": "https://urbact.eu/knowledge-hub",
      "features": [
        {
          "feature": "Good practice examples",
          "featureURL": "https://urbact.eu/good-practices/home"
        },
        {
          "feature": "Case studies",
          "featureURL": "https://urbact.eu/case-studies"
        },
        {
          "feature": "Toolkits and methodologies",
          "featureURL": "https://urbact.eu/toolbox-home"
        }
      ],
      "imageUrl": {
        "webp": "/images/projetos/urbact.webp",
        "fallback": "/images/projetos/urbact.jpeg",
        "thumbnail": {
          "width": 400,
          "height": 300
        }
      }
    },
    {
      "id": "jpi-urban-europe",
      "title": "JPI Urban Europe Project Database",
      "description": "Database focused on sustainable urban development, showcasing innovative solutions and implementation results",
      "url": "https://jpi-urbaneurope.eu/projects/",
      "features": [
        {
          "feature": "Detailed project descriptions",
          "featureURL": "https://jpi-urbaneurope.eu/projects/"
        },
        {
          "feature": "Innovation solutions",
          "featureURL": "https://jpi-urbaneurope.eu/projects/innovation/"
        },
        {
          "feature": "Implementation results",
          "featureURL": "https://jpi-urbaneurope.eu/projects/results/"
        }
      ],
      "imageUrl": {
        "webp": "/images/projetos/jpi-urban.webp",
        "fallback": "/images/projetos/jpi-urban.jpeg",
        "thumbnail": {
          "width": 400,
          "height": 300
        }
      }
    },
    {
      "id": "keep-eu",
      "title": "KEEP.eu",
      "description": "Comprehensive database of territorial cooperation projects with interactive features and detailed project information",
      "url": "https://keep.eu/",
      "features": [
        {
          "feature": "Interactive map",
          "featureURL": "https://keep.eu/maps/"
        },
        {
          "feature": "Project result indicators",
          "featureURL": "https://keep.eu/projects/"
        },
        {
          "feature": "Partnership information",
          "featureURL": "https://keep.eu/partners/"
        }
      ],
      "imageUrl": {
        "webp": "/images/projetos/keep-eu.webp",
        "fallback": "/images/projetos/keep-eu.jpeg",
        "thumbnail": {
          "width": 400,
          "height": 300
        }
      }
    },
    {
      "id": "espon",
      "title": "ESPON Database",
      "description": "Specialized database focusing on territorial development and spatial planning, providing research-based policy recommendations",
      "url": "https://www.espon.eu/tools-maps/espon-tools",
      "features": [
        {
          "feature": "Research results",
          "featureURL": "https://www.espon.eu/tools-maps"
        },
        {
          "feature": "Territorial indicators",
          "featureURL": "https://www.espon.eu/tools-maps/indicators"
        },
        {
          "feature": "Policy recommendations",
          "featureURL": "https://www.espon.eu/policy-briefs"
        }
      ],
      "imageUrl": {
        "webp": "/images/projetos/espon.webp",
        "fallback": "/images/projetos/espon.jpeg",
        "thumbnail": {
          "width": 400,
          "height": 300
        }
      }
    },
    {
      "id": "uia",
      "title": "Urban Innovative Actions",
      "description": "Database of innovative urban projects showcasing cutting-edge solutions and implementation strategies",
      "url": "https://uia-initiative.eu/en/uia-cities",
      "features": [
        {
          "feature": "Detailed project documentation",
          "featureURL": "https://uia-initiative.eu/en/projects"
        },
        {
          "feature": "Implementation results",
          "featureURL": "https://uia-initiative.eu/en/results"
        },
        {
          "feature": "Knowledge transfer materials",
          "featureURL": "https://uia-initiative.eu/en/knowledge-lab"
        }
      ],
      "imageUrl": {
        "webp": "/images/projetos/uia.webp",
        "fallback": "/images/projetos/uia.jpeg",
        "thumbnail": {
          "width": 400,
          "height": 300
        }
      }
    }
  ]
} 